{
  "project_info": {
    "project_number": "864757204692",
    "project_id": "pethappy-68470",
    "storage_bucket": "pethappy-68470.appspot.com"
  },
  "client": [
    {
      "client_info": {
        "mobilesdk_app_id": "1:864757204692:android:81738290a4cf325ec59d41",
        "android_client_info": {
          "package_name": "com.example.pethappy"
        }
      },
      "oauth_client": [
        {
          "client_id": "864757204692-3ld3gniktjjkberg70sa77dpf78dalir.apps.googleusercontent.com",
          "client_type": 3
        }
      ],
      "api_key": [
        {
          "current_key": "AIzaSyDutk6PSWjfsr_nkzKCYAXm1ZPNVCLLDfs"
        }
      ],
      "services": {
        "appinvite_service": {
          "other_platform_oauth_client": [
            {
              "client_id": "864757204692-3ld3gniktjjkberg70sa77dpf78dalir.apps.googleusercontent.com",
              "client_type": 3
            }
          ]
        }
      }
    }
  ],
  "configuration_version": "1"
}